Enter the Term,beads bracelet,,,,
,,,,,
id,publish time,channel id,title,description,channel
QLItBdEJuqk,2020-07-08T05:07:46Z,UCAEOyXNpGx4QSn0r74OzyAg,making simple bead bracelets! üç≠ | jelly record.,how to make simple bead bracelets! they are really easy to make but very very cute. beads used from eBay (aus sellers) coloured letters: ...,jelly record.
nz1bVsel39E,2021-05-11T18:34:40Z,UCC8bEAQinubuRBTkl4PB22Q,DIY seed bead flower bracelet *EASY*,Thank you guys so much for watching this video on how to make these adorable bracelets! Make sure to subscribe and leave a like if you enjoyed it! Materials ...,Taylor Alex
borclz2YIh4,2019-08-06T18:03:16Z,UC_bUcF0Vda0W0K6Ek7ygorw,How to Make a Simple Beaded Friendship Bracelet,https://beadaholique.com/collections/beads - In this video you will learn how to make a simple strung bracelet with 11/0 seed beads. This design is easy to adapt ...,Beadaholique
wRGQydPlP5E,2014-07-20T08:00:03Z,UC8B2IELLIDNH7ki7ke6tXow,DIY: Cute Daisy Chain Bracelet ¬¶ The Corner of Craft,"Learn how to make this cute and simple daisy chain bracelet, using seed beads! Perfect for beginners! You'll also learn how to professionally finish off your ...",The Corner of Craft
UbYPXtqqVWA,2020-01-10T05:23:40Z,UCuaLK6QCWbu-hTAxEMNQknQ,How To Make Simple Pearl Bracelet// Beads Bracelet// Useful &amp; Easy,How to make simple pearl bracelet beads bracelet useful & easy hi there so today i am gonna show you how to make this beautiful and simple pearl bracelet at ...,Useful & Easy
oFEASFjcn74,2021-01-31T02:00:06Z,UCLDEnKr_bT5bgCUbfIKP7tA,Beads Bracelet &amp; Ring üíçüå∑,"Hai guys thanks for watching Watch in HD guys !! Hellloooo ~ Mampir juga ke instagram small business aku ya, namanya @manikbynad klik link ini ...",nadia f
fk_Mwe3mHQc,2020-08-21T04:24:16Z,UChNq1fYwYN3SESa-uSsh07g,how to make beads braceletüí´ (seventeen joshua),beadsbracelet #ÎπÑÏ¶àÌåîÏ∞åÎßåÎì§Í∏∞ #seventeen hi!!! (watch it in 1080p!!) i was inspired by joshua and decided to make bracelets as he did for the members~ let me ...,horangi
1alqPiy1s9w,2020-05-11T17:26:53Z,UCsLYCiqhn__ksczs-Sv6Rlg,Russian spiral seed beads bracelet tutorial. Beaded jewelry,Russian spiral seed beads bracelet tutorial. Beaded jewelry MATERIALS: - seed beads 11/0 (4 colors) - magnetic clasp - beading needle #11 - beading thread ...,Beaded Jewelry
-wEEGuCHp6U,2020-02-08T05:56:18Z,UCuaLK6QCWbu-hTAxEMNQknQ,Beaded Heart Bracelet//Bracelet Making Tutorial// Useful &amp; Easy,Beaded heart bracelet bracelet making useful & easy hi there so today i am gonna show you how to make this beaded heart bracelet at home it's a designer ...,Useful & Easy
8ojLdF4w9Sk,2018-11-09T08:53:10Z,UCUwoaPo6NefP5eVJM6AzBbA,DIY beaded bracelet + free printable,"Hi there! Today's video is a bit different, but if you've followed my channel for a while, you know that I used to do lots of tutorials and DIY's, which I miss a lot.",Amanda Wright
863vZwQkwPA,2021-07-11T04:26:56Z,UCzaVIbqrVJqnnVQHqqQvVcw,How to make a DAISY CHAIN flower bracelet | Easy beaded 90s jewelry DIY,This video will show you how to make a cute chunky daisy chain bracelet with seed beads and a few other simple supplies. I love that this kind of 90s aesthetic ...,Amy and the Island
fWdD7p81CLM,2020-10-04T21:04:10Z,UC46hi6b5ez9Omspa6mwATPQ,LET&#39;S MAKE VSCO BRACELETS TOGETHER (HOW TO MAKE BEADED BRACELETS) FALL 2020 || Kellyprepster,Hi everyone!! OPEN THIS TO SEE MORE :) I am so excited to share my DIY on these super cute VSCO bracelets with ya today!! Thanks for watching!! Don't ...,Kelly prepster
eZpL72SlnxE,2019-08-23T23:35:51Z,UC449yhntxOPZqsM4_mqG9UQ,How to Make a DIY Beaded Stretch Cord Bracelet Tutorial,Beebeecraft: http://shrsl.com/1nz9d | Coupon: OPAL5 | Free Ship on Orders $25+ (allow 2-4 wks) ‚úø Hey beautiful! It's Gina from https://orchidandopal.com.,Orchid and Opal Jewelry & Beads
hhEWyX3JATU,2020-04-14T19:15:02Z,UCE5zvAShB-CDmSqlMv46q4A,Tubular netted bracelet with only seed beads DIY. How to make beaded bracelet,Tubular netted bracelet with only seed beads DIY. How to make beaded bracelet MATERIALS: - seed beads 11/0 (2 colors) - lobster clasp - chain tab - jump ...,Huong Handmade
5lCLXC1vX6I,2020-03-24T17:48:05Z,UCnc_Zpu8rHVjnpC3yemROZw,‚öúÔ∏è Zigzag Daisies || Seed beads || Bracelet || Necklace || Pulsera || Collar (0355),"Hello, A lot of effort goes into the making of these videos. If you like my work and would like to support my channel, please feel free to donate money for raw ...",Nidhi Surana
LWj6V48pR_o,2020-11-24T03:09:36Z,UC7KK71fT2f_hQcr6GlVftzA,You can make this beading pattern in 10 minutes. Seed beads bracelet tutorial.,If you want to learn how to bead jewelry you can begin with this simple beading pattern. It will take just 10 minutes to make your first beaded bracelet . You dont ...,beading tutorials
h2oNq9gvOYI,2017-09-28T13:07:53Z,UC7KK71fT2f_hQcr6GlVftzA,DIY Beaded bracelets. Beading tutorial. - Easy jewelry making,This diy beaded bracelets are the very easy jewelry making for everyone. The beading pattern can be done in less than 15 minutes . It's fun and you can ...,beading tutorials
tQB-TCgvnYE,2018-12-28T19:34:29Z,UC_bUcF0Vda0W0K6Ek7ygorw,How to Secure a Stretch Cord Bracelet,https://beadaholique.com/products/opelon-stretch-bead-cord-0-7mm-82-feet-1-spool-white - In this video you will see how to reinforce your stretch bracelets with ...,Beadaholique
SFoGJUltncY,2020-11-20T04:38:13Z,UCuaLK6QCWbu-hTAxEMNQknQ,Very Delicate &amp; Simple Beads Bracelet//Bracelet Making Tutorial//Beaded Jewelry// Useful &amp; Easy,very delicate & simple beads bracelet bracelet making tutorial beaded jewelry useful & easy Hey beauties in this video i am gonna show you how to make a very ...,Useful & Easy
9FbFTLGOveA,2020-08-04T04:40:13Z,UCuaLK6QCWbu-hTAxEMNQknQ,How to make//very simple designer beaded bracelet// useful &amp; easy,How to make very simple designer beaded bracelet useful & easy Hi my lovely Angel's today i am gonna share with you how to make a very simple ...,Useful & Easy
B_bPwo-vUx4,2021-09-14T19:04:10Z,UCe2t5n3zdgHMVtYq3FC_wtA,Lacy Beaded Bracelet || How to make seed beads bracelet,"Hi friends....Welcome to my channel . If you like my Video Remember to Subscribe,Like & Share A lot of you have been asking for a contribution link , Here's my ...",Sonysree Creations
zCQeOxUJOzY,2021-11-06T17:33:00Z,UCnc_Zpu8rHVjnpC3yemROZw,‚öúÔ∏èColourful Steps/Bracelet/Anklet with Seed beads only/Huichol/Pulsera / Tobillera/Tutorial diy,easy #beaded #jewellery Material: 11/0 Seed beads 8mm Bead 0.2 mm Fishing line Needle no. 12 Music by Adityavikram Surana ...,Nidhi Surana
JynKC0tjmdk,2019-12-19T18:18:08Z,UCE5zvAShB-CDmSqlMv46q4A,Beaded bracelet with seed beads tutorial. Jewelry making,Beaded bracelet with seed beads tutorial. Jewelry making MATERIALS: - seed beads 11/0 (3 colors) - lobster clasp - extension tail chain - beading needle #11 ...,Huong Handmade
rr_6122d5IA,2021-06-05T01:00:08Z,UC1uxmySRoIahVD32dTqpQpw,DIY Beaded Bracelet with Delica Beads and Pearls. How to Make Beaded Bracelet. Beading Tutorial ‰∏≤Áè†ÊâãÈìæ,How to make beaded jewelry: this beading tutorial shows how to make this odd count peyote beaded bracelet with Delica seed beads and gold pearls. ‰∏≤Áè†È•∞ÂìÅ ...,Greta's Creations
uhdDQi59Ulg,2021-05-09T19:39:05Z,UCBC0hg-YY3zRht6ymEUhRfQ,How to Make a Beaded Cherry Bracelet,How to make a beaded cherry bracelet. Hi guys!!! In this video I make an easy and cute beaded cherry bracelet. It was so fun to make it and super easy so ...,Jo Maker
LjESWHxMkiE,2020-08-01T03:00:06Z,UC_lzy44WHocl63fq6H5TutQ,DIY Waterproof Beaded Square Knot Bracelet,Thank you for watching and for supporting my channel! I could have never imagined more than 5000 people making bracelets with me I really hope you guys ...,Knack for Knots
KgdnpaZJqi8,2021-05-15T15:27:22Z,UCTwBomJclUTgVAr0bFVbVOg,Summer flower bracelet/Daisy seed beads bracelet/Colorful seed beads bracelet/Diy Beading,Summer flower bracelet/Daisy seed beads bracelet/Colorful seed beads bracelet/Diy Beading MATERIALS: 1. Seed beads Opaque Rainbow Cherry size 11/0 ...,Diy Beading
4IZpP0s2Duo,2020-10-14T13:11:57Z,UCDRaAIBgk41Vq5q39JqKNeg,Zulu Beaded Boarder Bracelet Tutorial,"Hi all welcome to my channel, I really hope you find the tutorial easy and understandable. For any questions or requests please comment down below. Part 1 of ...",Fabulously crafts
6z5oiagwA3U,2021-11-06T20:47:10Z,UCrHcN4XC-Sobp61xtqPSzYQ,How to make Daisy chain flower bracelet with bugle beads. Easy beaded bracelet ÿßÿ≥Ÿàÿßÿ±ÿ© Ÿàÿ±ŸàÿØ ÿ®ÿßŸÑÿÆÿ±ÿ≤,beaded_jewelry.,Creative Needle ÿ•ÿ®ÿ±ÿ© ŸÖÿ®ÿØÿπÿ©
MaLBSqvX9Wk,2021-03-03T12:41:32Z,UCK_mYW_YhaEX3KiY8mb_vOw,"Friendship bracelet | How to make a bracelet, Beads Charm Cord Thread String Good Luck Bracelet",Bracelet #luckybracelet #beadsbracelet The very easy way to make a beautiful bracelet. Enjoy making Music : Daily Beetle Kevin MacLeod ...,Red Blossom Designs
zFyoId-E9Kw,2020-07-26T13:51:18Z,UCWXdQHQU5Y5F1tQpvTcwFMA,Yumi&#39;s Beads Bracelet Making,Habang lockdown gagawa daw sya ng beads bracelet pang encantadia.,Andribelle Malia Dela Cruz
HtTW8yGG5b0,2019-06-06T18:50:49Z,UC5L0eW9v0x0vl_dt1n3Zghg,"How to Make 3 EASY Friendship Bracelets! (VSCO inspired, adjustable!)",comment what you'd put on your bracelet for a shoutout! Supplies I used: Thread: https://amzn.to/2MHzfSO Letter beads: https://amzn.to/2EVW3rv Hey guys!,Megan Weller
-duOUsDxxMQ,2020-09-28T04:34:53Z,UCuaLK6QCWbu-hTAxEMNQknQ,Simple &amp; Beautiful Pearl Flower Bracelet//Beaded Bracelet Making How To// Useful &amp; Easy,Simple & beautiful pearl flower bracelet beaded bracelet making how to useful & easy             hi my lovely Angel's hope that you are fine so today i am gonna ...,Useful & Easy
94AeLCyHI3Y,2014-03-10T09:15:54Z,UCRbfBMS0iIzmqWz9doR-81w,How to Make a Beaded Elastic Bracelet,In this video we will show you how to make a beaded elastic bracelet. Our first tutorial will show you how to finish you elastic bracelet using a overhand knot and ...,All About Beads
47VS_fEVdAQ,2020-07-18T17:36:51Z,UCsLYCiqhn__ksczs-Sv6Rlg,Double zigzag bracelet or choker. Easy to make beaded bracelet with only seed beads,Double zigzag bracelet or choker. Easy to make beaded bracelet with only seed beads MATERIALS: - seed beads 11/0 (3 colors) - round beads 6mm - beading ...,Beaded Jewelry
2NT9mrHxpKI,2020-10-14T17:48:01Z,UCw1LlTJk4_jaSMVaRmgAElg,How to make 2 colors bracelet// Easy bracelet tutorial// Handmade bracelet,Were many bracelets at the time. This pattern is for fancy girls and women. Choose your preferred color seed beads and DIY. You can use 10/0 seed beads or ...,Easy beading creations
S5WNLFT1iHc,2021-10-26T04:46:13Z,UCuaLK6QCWbu-hTAxEMNQknQ,Easy Jewelry Making For Beginners//Bracelet//Seed Beads Jewelry// Useful &amp; Easy,Easy Jewelry Making For Beginners//Bracelet//Seed Beads Jewelry// Useful & Easy hi there this video is only for my jewelry junkies who love to watch jewelry ...,Useful & Easy
IVLzYgKLml8,2021-06-16T17:53:11Z,UCLDtDgsCcwt7k1AUrZB3k1Q,Beading Basics! Easy Daisy Chain DIY Seed Bead Rings &amp; Bracelet,Learn how to create daisy chain rings & bracelets (you can also use this technique to make a necklace) with Denise Yezbak Moore. This project uses simple ...,Denise Yezbak Moore
QMAZW6avDz4,2017-05-08T11:50:19Z,UCsI_41SZafKtB5qE46WjlQQ,Beaded Wrap Bracelet // Becky Stern,"Here's a classic and fun bracelet using beads, leather cord, and silk beading thread. Open description for more info ‚¨áÔ∏è Full tutorial: ...",Becky Stern
QJCVyVERSWM,2021-04-09T19:41:19Z,UCPbRFvN4IWoWC2iLMXZ_0AQ,Seed beads bracelet || Nbeads Tutorial || How to make Beaded Bracelet,"Hi Friends, Welcome to my Channel.This is my second channel.My main channel is SONYSREE CREATIONS. If you like my Tutorial, Remember to Subscribe, ...",Beadicted Girl Easy Beading
BTVkWS_F8qY,2019-05-28T13:00:01Z,UCOrjcZ7dL3GyRGuI37gi0Og,3 Strand Braid bracelet from copper wire and small crystal - How to make handmade jewelry 488,Three Strand Braid bracelet from copper wire and small crystal - How to make handmade jewelry from copper wire by Lan Anh Handmade Can do the same with ...,Lan Anh Handmade
8--AToiCIPo,2020-09-13T03:00:39Z,UCUlH0nn6Nxm-cU5IVpopgEw,"Altering Beads, Making Mixes and Bracelets Tutorial with Beebeecraft Polymer Clay Heishi Beads!",Thanks for watching! This video features the beads below from http://www.beebeecraft.com Arricraft 3600 pcs 18 Colors 8mm Flat Round Polymer Clay Spacer ...,Turquoise.Street
LfiWZUeL_dY,2020-06-06T18:31:16Z,UCE5zvAShB-CDmSqlMv46q4A,Triple spiral bracelet. Simple and easy to make for beginner. Beaded jewelry,Triple spiral bracelet. Simple and easy to make for beginner. Beaded jewelry MATERIALS: - seed beads 11/0 (2 colors) - seed beads 15/0 (1 color) - lobster ...,Huong Handmade
tBblN_xufLE,2014-12-17T21:05:43Z,UCJPlbr94UO9Mo_LNsdf5f7w,Knotted Bead Bracelet Tutorial - DIY Bracelet Cord Knotting Technique,"Knotted Bead Bracelets Cord Knotting Tutorial: DIY Knotted Bracelet In this video, I'll show you how to make beaded bracelets with knots in between the beads.",JewelryTutorialHQ
AMnGkF2lJ24,2021-01-13T08:10:01Z,UC0yySsj1qz2ot9fqsFSdhjg,another beads haul üóÇ// making beads bracelet (part 1) // Indonesia,"Helloo ~ I'm back with another video and another haul :) Jadi, video kali ini aku akan buat tiga part khusus series beads accessories. Part 1 : beads bracelet/ ...",velymuch
7BmHeQZKmu4,2021-05-20T12:00:03Z,UCS_IAUGbpL1YK6tzyQ1seCg,Pearl and Spacer Beads Bracelet Vintage Style Bracelet Wedding Bridal Jewelry Making Tutorial,"Beads and materials: 6 mm - pearl beads 11/0 - Toho seed beads - light gold 15 mm x 6,5 mm - two hole rhinestones spacer beads lobster clasp for bracelets, ...",Geula AG channel
Okag5BahO3g,2020-11-06T14:05:12Z,UCw1LlTJk4_jaSMVaRmgAElg,"How to make bracelets at home // DIY beaded bracelet, easy pattern for beginners//",Easy bracelet pattern for beginners made with 11/0 seed beads but you can use also 10/0 seed beads to make these floral bracelet. Follow step by step my ...,Easy beading creations
m2t-lds4Ppc,2018-08-12T17:21:59Z,UC7KK71fT2f_hQcr6GlVftzA,Stunning bracelet. DIY Beaded Bracelet. How to make beaded bracelet,How to make beaded bracelet for an elegant outfit to wear at special occasions. Wear this beaded bracelet with an elegant dress . Beads bracelet will always be ...,beading tutorials
FHVcZYOaQ-M,2020-06-17T08:38:44Z,UCAbu-rUyFqWw5k5jlSG-Jvw,(ENG sub) [VLIVE] BTS - J-HOPE making beads bracelet,[Full] BTS - Ïã¨Ïã¨ÌïòÎ©¥ Î≥¥ÏÑ∏Ïöî(ÎãµÎãµÌï® Ï£ºÏùò 2ÌÉÑ!) ‚Üò https://www.vlive.tv/video/196695 ‚òÜ Enjoy K-POP celeb's LIVE broadcast with English subtitle on VLIVE!,V LIVE
9yTwTSYyUiQ,2021-09-19T16:15:00Z,UCnc_Zpu8rHVjnpC3yemROZw,‚öúÔ∏èMulticolour Seed beads Bracelet/Pulsera de cuentas de semillas multicolor/Tutorial diy,trending #beaded #jewellery Material: 11/0 Seed beads in various colours 8mm Glass bead for Bead Clasp Music by Adityavikram Surana ...,Nidhi Surana